frame,time_s,x_red,y_red,x_blue,y_blue,x_hinge,y_hinge
0,0.0,336.0,254.0,590.0,283.0,,
1,0.008337307896131425,336.0,253.0,589.0,282.0,,
2,0.01667461579226285,336.0,254.0,591.0,276.0,,
3,0.025011923688394277,334.0,252.0,589.0,275.0,,
4,0.0333492315845257,336.0,255.0,590.0,276.0,,
5,0.04168653948065713,336.0,254.0,589.0,281.0,,
6,0.050023847376788555,336.0,254.0,590.0,281.0,,
7,0.058361155272919976,336.0,254.0,589.0,279.0,,
8,0.0666984631690514,336.0,254.0,590.0,275.0,,
9,0.07503577106518283,338.0,254.0,590.0,274.0,,
10,0.08337307896131425,338.0,254.0,591.0,276.0,,
11,0.09171038685744567,337.0,254.0,590.0,281.0,,
12,0.10004769475357711,336.0,254.0,590.0,281.0,,
13,0.10838500264970853,336.0,255.0,590.0,281.0,,
14,0.11672231054583995,336.0,255.0,591.0,276.0,,
15,0.1250596184419714,337.0,257.0,591.0,276.0,,
16,0.1333969263381028,337.0,254.0,590.0,279.0,,
17,0.14173423423423423,336.0,255.0,589.0,283.0,,
18,0.15007154213036566,336.0,256.0,590.0,283.0,,
19,0.15840885002649707,337.0,256.0,590.0,281.0,,
20,0.1667461579226285,339.0,257.0,591.0,277.0,,
21,0.17508346581875994,339.0,257.0,594.0,280.0,,
22,0.18342077371489135,337.0,257.0,590.0,278.0,,
23,0.19175808161102278,336.0,256.0,590.0,285.0,,
24,0.20009538950715422,336.0,257.0,590.0,284.0,,
25,0.20843269740328563,336.0,256.0,589.0,283.0,,
26,0.21677000529941706,337.0,257.0,590.0,277.0,,
27,0.2251073131955485,341.0,256.0,597.0,282.0,,
28,0.2334446210916799,337.0,256.0,590.0,280.0,,
29,0.24178192898781134,336.0,256.0,590.0,283.0,,
30,0.2501192368839428,336.0,256.0,590.0,283.0,,
31,0.2584565447800742,337.0,255.0,590.0,282.0,,
32,0.2667938526762056,340.0,255.0,592.0,276.0,,
33,0.27513116057233705,340.0,256.0,591.0,276.0,,
34,0.28346846846846846,337.0,255.0,591.0,277.0,,
35,0.29180577636459987,337.0,255.0,590.0,282.0,,
36,0.30014308426073133,337.0,255.0,590.0,281.0,,
37,0.30848039215686274,337.0,254.0,590.0,279.0,,
38,0.31681770005299414,338.0,255.0,590.0,274.0,,
39,0.3251550079491256,339.0,256.0,595.0,279.0,,
40,0.333492315845257,338.0,254.0,592.0,275.0,,
41,0.3418296237413884,337.0,254.0,590.0,280.0,,
42,0.3501669316375199,336.0,254.0,590.0,278.0,,
43,0.3585042395336513,337.0,254.0,590.0,276.0,,
44,0.3668415474297827,337.0,255.0,587.0,273.0,,
45,0.37517885532591416,331.0,250.0,580.0,268.0,,
46,0.38351616322204557,339.0,254.0,591.0,279.0,,
47,0.391853471118177,337.0,254.0,590.0,279.0,,
48,0.40019077901430844,337.0,254.0,590.0,280.0,,
49,0.40852808691043985,337.0,254.0,590.0,279.0,,
50,0.41686539480657125,334.0,252.0,589.0,276.0,,
51,0.4252027027027027,337.0,250.0,596.0,280.0,,
52,0.4335400105988341,338.0,255.0,592.0,277.0,,
53,0.44187731849496553,337.0,256.0,590.0,283.0,,
54,0.450214626391097,337.0,257.0,590.0,284.0,,
55,0.4585519342872284,337.0,258.0,590.0,283.0,,
56,0.4668892421833598,338.0,260.0,590.0,282.0,,
57,0.4752265500794913,339.0,261.0,592.0,285.0,,
58,0.4835638579756227,336.0,262.0,590.0,291.0,,
59,0.4919011658717541,337.0,263.0,590.0,298.0,,
60,0.5002384737678855,338.0,265.0,590.0,303.0,,
61,0.508575781664017,338.0,267.0,589.0,307.0,,
62,0.5169130895601484,340.0,268.0,590.0,311.0,,
63,0.5252503974562798,339.0,272.0,595.0,319.0,,
64,0.5335877053524112,341.0,277.0,589.0,329.0,,
65,0.5419250132485427,344.0,285.0,592.0,343.0,,
66,0.5502623211446741,348.0,293.0,593.0,357.0,,
67,0.5585996290408055,351.0,303.0,597.0,367.0,,
68,0.5669369369369369,356.0,312.0,604.0,380.0,,
69,0.5752742448330683,361.0,323.0,609.0,395.0,,
70,0.5836115527291997,371.0,338.0,613.0,410.0,,
71,0.5919488606253313,373.0,356.0,614.0,432.0,,
72,0.6002861685214627,381.0,373.0,621.0,450.0,,
73,0.6086234764175941,389.0,393.0,631.0,466.0,,
74,0.6169607843137255,398.0,415.0,,,,
75,0.6252980922098569,408.0,438.0,,,,
76,0.6336354001059883,422.0,466.0,,,,
77,0.6419727080021198,436.0,494.0,682.0,535.0,,
78,0.6503100158982512,450.0,525.0,696.0,556.0,,
79,0.6586473237943826,465.0,557.0,715.0,572.0,,
80,0.666984631690514,482.0,589.0,,,,
81,0.6753219395866454,505.0,627.0,,,,
82,0.6836592474827768,532.0,664.0,,,,
83,0.6919965553789084,562.0,704.0,,,,
84,0.7003338632750398,597.0,744.0,814.0,639.0,,
85,0.7086711711711712,632.0,779.0,,,,
86,0.7170084790673026,678.0,813.0,,,,
87,0.725345786963434,727.0,846.0,,,,
88,0.7336830948595654,781.0,870.0,,,,
89,0.7420204027556969,844.0,891.0,911.0,660.0,,
90,0.7503577106518283,907.0,901.0,928.0,663.0,,
91,0.7586950185479597,968.0,902.0,948.0,663.0,,
92,0.7670323264440911,1026.0,894.0,,,,
93,0.7753696343402225,1088.0,877.0,,,,
94,0.783706942236354,1140.0,853.0,,,,
95,0.7920442501324855,1194.0,827.0,,,,
96,0.8003815580286169,1235.0,793.0,1042.0,652.0,,
97,0.8087188659247483,1277.0,762.0,1063.0,642.0,,
98,0.8170561738208797,1308.0,728.0,,,,
99,0.8253934817170111,1338.0,692.0,,,,
100,0.8337307896131425,1367.0,659.0,,,,
101,0.842068097509274,1393.0,622.0,,,,
102,0.8504054054054054,1412.0,592.0,1169.0,594.0,,
103,0.8587427133015368,1430.0,562.0,1187.0,579.0,,
104,0.8670800211976682,1445.0,535.0,,,,
105,0.8754173290937997,1459.0,510.0,,,,
106,0.8837546369899311,1473.0,485.0,,,,
107,0.8920919448860626,1484.0,462.0,1244.0,509.0,,
108,0.900429252782194,1495.0,443.0,1258.0,494.0,,
109,0.9087665606783254,1504.0,425.0,1266.0,477.0,,
110,0.9171038685744568,1513.0,410.0,,,,
111,0.9254411764705882,1519.0,395.0,,,,
112,0.9337784843667196,1525.0,380.0,,,,
113,0.9421157922628511,1531.0,369.0,1292.0,414.0,,
114,0.9504531001589825,1536.0,358.0,1294.0,403.0,,
115,0.958790408055114,1539.0,349.0,1297.0,392.0,,
116,0.9671277159512454,1542.0,342.0,1302.0,380.0,,
117,0.9754650238473768,1544.0,335.0,,,,
118,0.9838023317435082,1547.0,330.0,1302.0,361.0,,
119,0.9921396396396397,1548.0,326.0,1305.0,354.0,,
120,1.000476947535771,1549.0,323.0,1306.0,348.0,,
121,1.0088142554319024,1550.0,321.0,1306.0,344.0,,
122,1.017151563328034,1551.0,320.0,1309.0,342.0,,
123,1.0254888712241654,1551.0,321.0,1311.0,341.0,,
124,1.0338261791202967,1551.0,321.0,1307.0,340.0,,
125,1.0421634870164282,1551.0,324.0,1306.0,341.0,,
126,1.0505007949125595,1550.0,328.0,1305.0,345.0,,
127,1.058838102808691,1550.0,332.0,1306.0,351.0,,
128,1.0671754107048224,1549.0,338.0,1306.0,356.0,,
129,1.0755127186009539,1548.0,344.0,,,,
130,1.0838500264970854,1546.0,353.0,1302.0,370.0,,
131,1.0921873343932167,1544.0,362.0,1300.0,382.0,,
132,1.1005246422893482,1541.0,373.0,1298.0,394.0,,
133,1.1088619501854795,1538.0,385.0,1294.0,405.0,,
134,1.117199258081611,1534.0,398.0,1291.0,421.0,,
135,1.1255365659777425,1528.0,412.0,1280.0,436.0,,
136,1.1338738738738738,1521.0,428.0,1276.0,450.0,,
137,1.1422111817700054,1514.0,446.0,1271.0,467.0,,
138,1.1505484896661367,1507.0,465.0,1262.0,482.0,,
139,1.1588857975622682,1496.0,487.0,1252.0,499.0,,
140,1.1672231054583995,1485.0,509.0,,,,
141,1.175560413354531,1473.0,532.0,,,,
142,1.1838977212506625,1458.0,558.0,,,,
143,1.1922350291467938,1441.0,587.0,1193.0,566.0,,
144,1.2005723370429253,1420.0,618.0,1181.0,581.0,,
145,1.2089096449390566,1401.0,646.0,1160.0,594.0,,
146,1.2172469528351881,1378.0,678.0,,,,
147,1.2255842607313197,1351.0,710.0,,,,
148,1.233921568627451,1316.0,745.0,,,,
149,1.2422588765235825,1282.0,777.0,1081.0,640.0,,
150,1.2505961844197138,1239.0,805.0,1060.0,647.0,,
151,1.2589334923158453,1197.0,834.0,,,,
152,1.2672708002119766,1148.0,858.0,,,,
153,1.275608108108108,1096.0,878.0,,,,
154,1.2839454160042396,1036.0,895.0,,,,
155,1.292282723900371,981.0,900.0,,,,
156,1.3006200317965024,921.0,901.0,935.0,669.0,,
157,1.3089573396926337,860.0,893.0,,,,
158,1.3172946475887652,807.0,883.0,,,,
159,1.3256319554848968,755.0,862.0,,,,
160,1.333969263381028,704.0,837.0,,,,
161,1.3423065712771596,662.0,814.0,,,,
162,1.3506438791732909,619.0,781.0,,,,
163,1.3589811870694224,582.0,748.0,,,,
164,1.3673184949655537,551.0,722.0,,,,
165,1.3756558028616852,522.0,689.0,,,,
166,1.3839931107578167,494.0,654.0,,,,
167,1.392330418653948,470.0,623.0,,,,
168,1.4006677265500795,450.0,593.0,702.0,550.0,,
169,1.4090050344462108,434.0,564.0,,,,
170,1.4173423423423424,418.0,537.0,,,,
171,1.4256796502384739,405.0,511.0,,,,
172,1.4340169581346052,392.0,486.0,,,,
173,1.4423542660307367,383.0,462.0,636.0,471.0,,
174,1.450691573926868,374.0,440.0,627.0,453.0,,
175,1.4590288818229995,367.0,420.0,620.0,439.0,,
176,1.4673661897191308,360.0,402.0,,,,
177,1.4757034976152623,356.0,385.0,,,,
178,1.4840408055113938,350.0,369.0,605.0,392.0,,
179,1.4923781134075251,349.0,353.0,600.0,379.0,,
180,1.5007154213036566,346.0,338.0,598.0,372.0,,
181,1.509052729199788,345.0,326.0,596.0,354.0,,
182,1.5173900370959195,343.0,316.0,597.0,350.0,,
183,1.525727344992051,343.0,305.0,,,,
184,1.5340646528881823,344.0,297.0,582.0,329.0,,
185,1.5424019607843138,342.0,290.0,593.0,330.0,,
186,1.550739268680445,342.0,284.0,594.0,328.0,,
187,1.5590765765765766,342.0,279.0,594.0,323.0,,
188,1.567413884472708,344.0,275.0,,,,
189,1.5757511923688394,345.0,272.0,,,,
190,1.584088500264971,346.0,272.0,594.0,324.0,,
191,1.5924258081611022,347.0,273.0,594.0,331.0,,
192,1.6007631160572338,347.0,274.0,595.0,334.0,,
193,1.609100423953365,349.0,276.0,595.0,339.0,,
194,1.6174377318494966,351.0,280.0,,,,
195,1.6257750397456279,353.0,286.0,,,,
196,1.6341123476417594,356.0,294.0,602.0,366.0,,
197,1.642449655537891,361.0,301.0,599.0,379.0,,
198,1.6507869634340222,363.0,312.0,603.0,397.0,,
199,1.6591242713301537,368.0,324.0,607.0,406.0,,
200,1.667461579226285,373.0,337.0,,,,
201,1.6757988871224165,379.0,351.0,,,,
202,1.684136195018548,386.0,370.0,,,,
203,1.6924735029146794,396.0,390.0,632.0,470.0,,
204,1.7008108108108109,402.0,410.0,642.0,488.0,,
205,1.7091481187069422,411.0,433.0,654.0,503.0,,
206,1.7174854266030737,421.0,457.0,,,,
207,1.725822734499205,434.0,485.0,,,,
208,1.7341600423953365,448.0,515.0,,,,
209,1.742497350291468,463.0,548.0,711.0,567.0,,
210,1.7508346581875993,478.0,581.0,727.0,584.0,,
211,1.7591719660837308,497.0,616.0,744.0,598.0,,
212,1.7675092739798621,519.0,651.0,,,,
213,1.7758465818759936,547.0,688.0,,,,
214,1.7841838897721252,577.0,727.0,,,,
215,1.7925211976682565,615.0,765.0,,,,
216,1.800858505564388,656.0,801.0,844.0,645.0,,
217,1.8091958134605193,701.0,831.0,861.0,649.0,,
218,1.8175331213566508,750.0,859.0,,,,
219,1.825870429252782,806.0,882.0,,,,
220,1.8342077371489136,865.0,895.0,,,,
221,1.8425450450450451,928.0,903.0,,,,
222,1.8508823529411764,,,946.0,662.0,,
223,1.859219660837308,1043.0,890.0,,,,
224,1.8675569687334392,1100.0,870.0,,,,
225,1.8758942766295708,1150.0,847.0,,,,
226,1.8842315845257023,1197.0,819.0,,,,
227,1.8925688924218336,1242.0,787.0,,,,
228,1.900906200317965,1282.0,755.0,1063.0,647.0,,
229,1.9092435082140964,1312.0,724.0,1083.0,635.0,,
230,1.917580816110228,1338.0,696.0,,,,
231,1.9259181240063592,1362.0,665.0,,,,
232,1.9342554319024907,1389.0,634.0,,,,
233,1.9425927397986222,1408.0,605.0,,,,
234,1.9509300476947535,1427.0,579.0,1182.0,580.0,,
235,1.959267355590885,1444.0,554.0,1202.0,566.0,,
236,1.9676046634870163,1458.0,532.0,,,,
237,1.9759419713831479,1471.0,512.0,,,,
238,1.9842792792792794,1483.0,492.0,,,,
239,1.9926165871754107,1494.0,475.0,1252.0,502.0,,
240,2.000953895071542,1504.0,458.0,1263.0,485.0,,
241,2.0092912029676735,1513.0,443.0,1269.0,471.0,,
242,2.017628510863805,1520.0,430.0,,,,
243,2.0259658187599365,1525.0,419.0,,,,
244,2.034303126656068,1532.0,409.0,1289.0,428.0,,
245,2.042640434552199,1535.0,400.0,1291.0,414.0,,
246,2.050977742448331,1539.0,392.0,1295.0,402.0,,
247,2.059315050344462,1542.0,385.0,1297.0,391.0,,
248,2.0676523582405935,1544.0,380.0,1298.0,384.0,,
249,2.0759896661367248,1545.0,376.0,1299.0,379.0,,
250,2.0843269740328565,1547.0,373.0,1302.0,369.0,,
251,2.092664281928988,1547.0,370.0,1303.0,365.0,,
252,2.101001589825119,1548.0,370.0,1304.0,363.0,,
253,2.109338897721251,1548.0,370.0,1305.0,359.0,,
254,2.117676205617382,1548.0,371.0,1302.0,360.0,,
255,2.1260135135135134,1548.0,372.0,1301.0,363.0,,
256,2.1343508214096447,1547.0,375.0,1305.0,362.0,,
257,2.1426881293057765,1547.0,379.0,1303.0,367.0,,
258,2.1510254372019078,1546.0,384.0,1302.0,373.0,,
259,2.159362745098039,1545.0,391.0,1300.0,381.0,,
260,2.167700052994171,1542.0,397.0,1304.0,392.0,,
261,2.176037360890302,1540.0,406.0,,,,
262,2.1843746687864334,1536.0,416.0,1293.0,408.0,,
263,2.192711976682565,1533.0,427.0,1289.0,421.0,,
264,2.2010492845786964,1528.0,439.0,1285.0,434.0,,
265,2.2093865924748277,1523.0,451.0,1278.0,449.0,,
266,2.217723900370959,1518.0,465.0,1272.0,463.0,,
267,2.2260612082670908,1510.0,481.0,,,,
268,2.234398516163222,1500.0,499.0,1258.0,494.0,,
269,2.2427358240593533,1489.0,518.0,1244.0,510.0,,
270,2.251073131955485,1477.0,538.0,1233.0,528.0,,
271,2.2594104398516164,1464.0,560.0,1223.0,543.0,,
272,2.2677477477477477,1448.0,584.0,,,,
273,2.276085055643879,1430.0,607.0,,,,
274,2.2844223635400107,1408.0,634.0,1164.0,583.0,,
275,2.292759671436142,1391.0,669.0,1154.0,599.0,,
276,2.3010969793322733,1363.0,694.0,1136.0,612.0,,
277,2.309434287228405,1338.0,721.0,1115.0,621.0,,
278,2.3177715951245363,1307.0,751.0,,,,
279,2.3261089030206676,1271.0,779.0,,,,
280,2.334446210916799,1231.0,808.0,,,,
281,2.3427835188129307,1188.0,835.0,1032.0,653.0,,
282,2.351120826709062,1139.0,859.0,1012.0,660.0,,
283,2.3594581346051933,1094.0,878.0,997.0,663.0,,
284,2.367795442501325,1041.0,891.0,,,,
285,2.3761327503974563,986.0,900.0,,,,
286,2.3844700582935876,,,,,,
287,2.3928073661897193,,,913.0,652.0,,
288,2.4011446740858506,809.0,882.0,894.0,659.0,,
289,2.409481981981982,760.0,870.0,,,,
290,2.4178192898781132,712.0,847.0,,,,
291,2.426156597774245,667.0,820.0,,,,
292,2.4344939056703763,629.0,791.0,,,,
293,2.4428312135665076,589.0,759.0,,,,
294,2.4511685214626393,555.0,726.0,776.0,616.0,,
295,2.4595058293587706,529.0,694.0,758.0,605.0,,
296,2.467843137254902,504.0,665.0,,,,
297,2.476180445151033,482.0,635.0,,,,
298,2.484517753047165,461.0,602.0,,,,
299,2.4928550609432962,443.0,573.0,694.0,549.0,,
300,2.5011923688394275,427.0,545.0,681.0,536.0,,
301,2.5095296767355593,415.0,519.0,666.0,518.0,,
302,2.5178669846316906,403.0,495.0,,,,
303,2.526204292527822,393.0,472.0,,,,
304,2.534541600423953,384.0,450.0,,,,
305,2.542878908320085,378.0,429.0,628.0,456.0,,
306,2.551216216216216,370.0,410.0,620.0,442.0,,
307,2.5595535241123475,365.0,393.0,617.0,427.0,,
308,2.5678908320084792,361.0,378.0,,,,
309,2.5762281399046105,357.0,364.0,,,,
310,2.584565447800742,355.0,349.0,604.0,390.0,,
311,2.5929027556968736,352.0,337.0,602.0,385.0,,
312,2.601240063593005,350.0,326.0,600.0,377.0,,
313,2.609577371489136,350.0,317.0,596.0,366.0,,
314,2.6179146793852675,350.0,309.0,599.0,362.0,,
315,2.626251987281399,350.0,302.0,,,,
316,2.6345892951775305,349.0,294.0,594.0,354.0,,
317,2.642926603073662,350.0,291.0,595.0,352.0,,
318,2.6512639109697935,351.0,288.0,596.0,356.0,,
319,2.659601218865925,352.0,286.0,596.0,350.0,,
320,2.667938526762056,353.0,286.0,,,,
321,2.6762758346581874,355.0,287.0,602.0,362.0,,
322,2.684613142554319,356.0,289.0,605.0,366.0,,
323,2.6929504504504505,359.0,293.0,601.0,375.0,,
324,2.7012877583465817,362.0,298.0,603.0,385.0,,
325,2.7096250662427135,365.0,305.0,603.0,390.0,,
326,2.717962374138845,369.0,312.0,,,,
327,2.726299682034976,374.0,321.0,,,,
328,2.7346369899311074,378.0,336.0,611.0,425.0,,
329,2.742974297827239,383.0,348.0,617.0,439.0,,
330,2.7513116057233704,389.0,363.0,625.0,454.0,,
331,2.7596489136195017,394.0,380.0,633.0,464.0,,
332,2.7679862215156334,401.0,397.0,,,,
333,2.7763235294117647,410.0,417.0,,,,
334,2.784660837307896,419.0,441.0,,,,
335,2.7929981452040273,428.0,466.0,671.0,527.0,,
336,2.801335453100159,439.0,493.0,685.0,544.0,,
337,2.8096727609962904,451.0,522.0,697.0,560.0,,
338,2.8180100688924217,465.0,552.0,,,,
339,2.8263473767885534,481.0,587.0,,,,
340,2.8346846846846847,499.0,620.0,,,,
341,2.843021992580816,522.0,657.0,762.0,610.0,,
342,2.8513593004769477,549.0,695.0,782.0,621.0,,
343,2.859696608373079,578.0,732.0,802.0,631.0,,
344,2.8680339162692103,610.0,762.0,,,,
345,2.8763712241653416,651.0,798.0,,,,
346,2.8847085320614734,696.0,830.0,,,,
347,2.8930458399576047,,,871.0,658.0,,
348,2.901383147853736,799.0,880.0,888.0,658.0,,
349,2.9097204557498677,856.0,895.0,904.0,657.0,,
350,2.918057763645999,914.0,903.0,,,,
351,2.9263950715421303,971.0,900.0,,,,
352,2.9347323794382616,,,,,,
353,2.9430696873343933,1082.0,874.0,969.0,661.0,,
354,2.9514069952305246,1133.0,852.0,990.0,662.0,,
355,2.959744303126656,1183.0,826.0,,,,
356,2.9680816110227877,1220.0,802.0,,,,
357,2.976418918918919,1258.0,773.0,,,,
358,2.9847562268150503,1293.0,742.0,,,,
359,2.9930935347111816,1321.0,709.0,,,,
360,3.0014308426073133,1349.0,681.0,1113.0,626.0,,
361,3.0097681505034446,1373.0,653.0,1131.0,616.0,,
362,3.018105458399576,1393.0,629.0,,,,
363,3.0264427662957076,1411.0,605.0,,,,
364,3.034780074191839,1430.0,579.0,,,,
365,3.0431173820879702,1449.0,557.0,1200.0,565.0,,
366,3.051454689984102,1461.0,537.0,1214.0,549.0,,
367,3.0597919978802333,1473.0,520.0,1234.0,533.0,,
368,3.0681293057763646,1484.0,503.0,,,,
369,3.076466613672496,1494.0,488.0,,,,
370,3.0848039215686276,1503.0,474.0,1259.0,490.0,,
371,3.093141229464759,1511.0,462.0,1266.0,475.0,,
372,3.10147853736089,1518.0,452.0,1273.0,461.0,,
373,3.109815845257022,1524.0,442.0,1279.0,450.0,,
374,3.1181531531531532,1528.0,434.0,1284.0,438.0,,
375,3.1264904610492845,1532.0,427.0,,,,
376,3.134827768945416,1535.0,421.0,1289.0,418.0,,
377,3.1431650768415476,1539.0,417.0,1294.0,408.0,,
378,3.151502384737679,1540.0,413.0,1295.0,400.0,,
379,3.15983969263381,1542.0,410.0,1297.0,396.0,,
380,3.168177000529942,1542.0,408.0,1298.0,392.0,,
381,3.176514308426073,1543.0,408.0,1297.0,389.0,,
382,3.1848516163222045,1542.0,410.0,1299.0,384.0,,
383,3.193188924218336,1542.0,411.0,1300.0,383.0,,
384,3.2015262321144675,1541.0,413.0,1299.0,385.0,,
385,3.209863540010599,1540.0,416.0,1299.0,388.0,,
386,3.21820084790673,1539.0,420.0,1295.0,390.0,,
387,3.226538155802862,1539.0,427.0,1293.0,398.0,,
388,3.234875463698993,1538.0,433.0,1295.0,403.0,,
389,3.2432127715951244,1535.0,440.0,1292.0,411.0,,
390,3.2515500794912557,1532.0,449.0,1289.0,421.0,,
391,3.2598873873873875,1528.0,459.0,1287.0,431.0,,
392,3.2682246952835188,1524.0,470.0,1283.0,443.0,,
393,3.27656200317965,1519.0,481.0,,,,
394,3.284899311075782,1513.0,493.0,1270.0,468.0,,
395,3.293236618971913,1504.0,509.0,1262.0,482.0,,
396,3.3015739268680444,1495.0,526.0,1254.0,498.0,,
397,3.309911234764176,1486.0,542.0,1242.0,513.0,,
398,3.3182485426603074,1476.0,560.0,1237.0,531.0,,
399,3.3265858505564387,1460.0,580.0,,,,
400,3.33492315845257,1444.0,599.0,1208.0,559.0,,
401,3.3432604663487018,1430.0,623.0,1191.0,572.0,,
402,3.351597774244833,1411.0,646.0,1175.0,586.0,,
403,3.3599350821409644,1389.0,672.0,1159.0,598.0,,
404,3.368272390037096,1368.0,694.0,,,,
405,3.3766096979332274,1339.0,721.0,,,,
406,3.3849470058293587,1309.0,752.0,,,,
407,3.39328431372549,1273.0,778.0,1079.0,638.0,,
408,3.4016216216216217,1237.0,805.0,1058.0,648.0,,
409,3.409958929517753,1199.0,829.0,1036.0,652.0,,
410,3.4182962374138843,1164.0,846.0,,,,
411,3.426633545310016,1114.0,870.0,,,,
412,3.4349708532061474,1062.0,887.0,,,,
413,3.4433081611022787,1014.0,895.0,956.0,667.0,,
414,3.45164546899841,958.0,903.0,937.0,666.0,,
415,3.4599827768945417,905.0,902.0,922.0,655.0,,
416,3.468320084790673,851.0,895.0,,,,
417,3.4766573926868043,800.0,884.0,,,,
418,3.484994700582936,750.0,864.0,,,,
419,3.4933320084790673,702.0,841.0,850.0,645.0,,
420,3.5016693163751986,661.0,818.0,827.0,642.0,,
421,3.5100066242713304,620.0,789.0,808.0,627.0,,
422,3.5183439321674617,587.0,762.0,,,,
423,3.526681240063593,555.0,731.0,,,,
424,3.5350185479597243,527.0,699.0,,,,
425,3.543355855855856,500.0,666.0,,,,
426,3.5516931637519873,478.0,635.0,723.0,581.0,,
427,3.5600304716481186,460.0,609.0,708.0,562.0,,
428,3.5683677795442503,445.0,582.0,,,,
429,3.5767050874403816,430.0,554.0,,,,
430,3.585042395336513,416.0,529.0,,,,
431,3.593379703232644,405.0,501.0,656.0,507.0,,
432,3.601717011128776,396.0,480.0,648.0,496.0,,
433,3.6100543190249073,388.0,459.0,,,,
434,3.6183916269210386,382.0,441.0,,,,
435,3.6267289348171703,376.0,422.0,,,,
436,3.6350662427133016,370.0,405.0,,,,
437,3.643403550609433,366.0,390.0,616.0,430.0,,
438,3.651740858505564,363.0,375.0,614.0,419.0,,
439,3.660078166401696,361.0,363.0,613.0,410.0,,
440,3.668415474297827,360.0,352.0,,,,
441,3.6767527821939585,358.0,342.0,,,,
442,3.6850900900900903,356.0,333.0,592.0,388.0,,
443,3.6934273979862215,356.0,325.0,604.0,385.0,,
444,3.701764705882353,357.0,319.0,603.0,383.0,,
445,3.710102013778484,357.0,314.0,603.0,380.0,,
446,3.718439321674616,358.0,311.0,,,,
447,3.726776629570747,360.0,308.0,,,,
448,3.7351139374668785,361.0,307.0,602.0,382.0,,
449,3.74345124536301,362.0,308.0,603.0,386.0,,
450,3.7517885532591415,364.0,310.0,604.0,392.0,,
451,3.760125861155273,367.0,313.0,602.0,398.0,,
452,3.7684631690514045,371.0,318.0,,,,
453,3.776800476947536,374.0,326.0,,,,
454,3.785137784843667,378.0,336.0,613.0,422.0,,
455,3.7934750927397984,381.0,346.0,617.0,434.0,,
456,3.80181240063593,387.0,357.0,622.0,447.0,,
457,3.8101497085320615,391.0,369.0,629.0,456.0,,
458,3.8184870164281928,396.0,383.0,,,,
459,3.8268243243243245,401.0,401.0,,,,
460,3.835161632220456,411.0,419.0,,,,
461,3.843498940116587,419.0,441.0,659.0,510.0,,
462,3.8518362480127184,427.0,463.0,670.0,525.0,,
463,3.86017355590885,437.0,487.0,682.0,537.0,,
464,3.8685108638049814,447.0,513.0,,,,
465,3.8768481717011127,461.0,542.0,,,,
466,3.8851854795972445,480.0,573.0,725.0,573.0,,
467,3.8935227874933758,493.0,609.0,742.0,589.0,,
468,3.901860095389507,511.0,641.0,757.0,606.0,,
469,3.9101974032856384,531.0,672.0,773.0,613.0,,
470,3.91853471118177,560.0,708.0,,,,
471,3.9268720190779014,592.0,744.0,,,,
472,3.9352093269740327,626.0,776.0,,,,
473,3.9435466348701644,664.0,809.0,840.0,643.0,,
474,3.9518839427662957,710.0,842.0,857.0,650.0,,
475,3.960221250662427,757.0,866.0,872.0,648.0,,
476,3.9685585585585588,810.0,885.0,,,,
477,3.97689586645469,863.0,895.0,,,,
478,3.9852331743508214,922.0,902.0,,,,
479,3.9935704822469527,978.0,898.0,936.0,662.0,,
480,4.001907790143084,1033.0,889.0,955.0,661.0,,
481,4.010245098039215,1085.0,875.0,969.0,658.0,,
482,4.018582405935347,1134.0,854.0,,,,
483,4.026919713831479,1177.0,832.0,,,,
484,4.03525702172761,1217.0,807.0,,,,
485,4.043594329623741,1256.0,778.0,1045.0,650.0,,
486,4.051931637519873,1289.0,746.0,1068.0,645.0,,
487,4.060268945416004,1315.0,722.0,1084.0,634.0,,
488,4.068606253312136,1339.0,695.0,,,,
489,4.076943561208267,1363.0,669.0,,,,
490,4.085280869104398,1386.0,642.0,,,,
491,4.09361817700053,1406.0,619.0,1161.0,597.0,,
492,4.101955484896662,1422.0,598.0,1177.0,586.0,,
493,4.110292792792793,1438.0,578.0,1192.0,571.0,,
494,4.118630100688924,1452.0,559.0,,,,
495,4.126967408585056,1464.0,543.0,,,,
496,4.135304716481187,1476.0,527.0,,,,
497,4.143642024377319,1486.0,513.0,1241.0,515.0,,
498,4.1519793322734495,1495.0,500.0,1251.0,502.0,,
499,4.160316640169581,1503.0,489.0,1259.0,489.0,,
500,4.168653948065713,1511.0,479.0,,,,
501,4.176991255961844,1515.0,470.0,1270.0,467.0,,
502,4.185328563857976,1521.0,463.0,1277.0,454.0,,
503,4.193665871754107,1525.0,457.0,1281.0,444.0,,
504,4.202003179650238,1528.0,453.0,1285.0,435.0,,
505,4.21034048754637,1531.0,449.0,1288.0,427.0,,
506,4.218677795442502,1533.0,446.0,1291.0,422.0,,
507,4.2270151033386325,1534.0,444.0,,,,
508,4.235352411234764,1535.0,443.0,1293.0,411.0,,
509,4.243689719130896,1535.0,444.0,1293.0,409.0,,
510,4.252027027027027,1536.0,445.0,1294.0,407.0,,
511,4.260364334923159,1535.0,447.0,1294.0,408.0,,
512,4.268701642819289,1534.0,450.0,1296.0,413.0,,
513,4.277038950715421,1533.0,454.0,1294.0,416.0,,
514,4.285376258611553,1530.0,460.0,1291.0,417.0,,
515,4.293713566507684,1528.0,466.0,1290.0,423.0,,
516,4.3020508744038155,1526.0,473.0,1287.0,430.0,,
517,4.310388182299947,1524.0,481.0,1284.0,439.0,,
518,4.318725490196078,1520.0,490.0,1283.0,449.0,,
519,4.32706279809221,1516.0,500.0,1275.0,459.0,,
520,4.335400105988342,1510.0,511.0,1272.0,468.0,,
521,4.343737413884472,1504.0,525.0,1263.0,480.0,,
522,4.352074721780604,1496.0,539.0,1255.0,493.0,,
523,4.360412029676736,1487.0,553.0,1248.0,507.0,,
524,4.368749337572867,1477.0,567.0,1236.0,522.0,,
525,4.3770866454689985,1466.0,584.0,,,,
526,4.38542395336513,1449.0,608.0,1217.0,548.0,,
527,4.393761261261261,1437.0,626.0,1204.0,562.0,,
528,4.402098569157393,1419.0,646.0,1189.0,575.0,,
529,4.410435877053524,1402.0,666.0,1172.0,590.0,,
530,4.418773184949655,1382.0,687.0,,,,
531,4.427110492845787,1356.0,712.0,,,,
532,4.435447800741918,1330.0,737.0,,,,
533,4.44378510863805,1304.0,759.0,1099.0,632.0,,
534,4.4521224165341815,1272.0,786.0,1079.0,640.0,,
535,4.460459724430312,1239.0,807.0,1058.0,648.0,,
536,4.468797032326444,1202.0,831.0,,,,
537,4.477134340222576,1160.0,852.0,,,,
538,4.485471648118707,1118.0,871.0,,,,
539,4.493808956014838,1071.0,886.0,978.0,658.0,,
540,4.50214626391097,1023.0,897.0,959.0,662.0,,
541,4.510483571807101,971.0,902.0,,,,
542,4.518820879703233,923.0,903.0,,,,
543,4.5271581875993645,871.0,900.0,,,,
544,4.535495495495495,821.0,889.0,,,,
545,4.543832803391627,771.0,872.0,869.0,654.0,,
546,4.552170111287758,726.0,856.0,850.0,649.0,,
547,4.56050741918389,683.0,837.0,,,,
548,4.568844727080021,644.0,811.0,,,,
549,4.577182034976152,608.0,783.0,,,,
550,4.585519342872284,574.0,753.0,,,,
551,4.593856650768416,544.0,722.0,758.0,610.0,,
552,4.602193958664547,518.0,694.0,748.0,602.0,,
553,4.610531266560678,496.0,667.0,,,,
554,4.61886857445681,476.0,639.0,,,,
555,4.627205882352941,460.0,611.0,,,,
556,4.635543190249073,441.0,581.0,,,,
557,4.643880498145204,428.0,556.0,679.0,536.0,,
558,4.652217806041335,417.0,532.0,667.0,524.0,,
559,4.660555113937467,408.0,510.0,,,,
560,4.668892421833598,399.0,491.0,,,,
561,4.67722972972973,392.0,471.0,,,,
562,4.685567037625861,385.0,451.0,633.0,474.0,,
563,4.693904345521992,380.0,434.0,629.0,463.0,,
564,4.702241653418124,375.0,418.0,624.0,453.0,,
565,4.710578961314256,372.0,404.0,,,,
566,4.7189162692103865,369.0,392.0,,,,
567,4.727253577106518,366.0,380.0,,,,
568,4.73559088500265,373.0,374.0,616.0,420.0,,
569,4.743928192898781,363.0,362.0,610.0,414.0,,
570,4.752265500794913,364.0,353.0,610.0,413.0,,
571,4.760602808691044,364.0,347.0,613.0,405.0,,
572,4.768940116587175,364.0,342.0,,,,
573,4.777277424483307,366.0,337.0,,,,
574,4.785614732379439,366.0,336.0,608.0,408.0,,
575,4.7939520402755695,368.0,336.0,608.0,409.0,,
576,4.802289348171701,370.0,336.0,611.0,414.0,,
577,4.810626656067832,372.0,338.0,614.0,418.0,,
578,4.818963963963964,375.0,341.0,,,,
579,4.827301271860096,378.0,347.0,,,,
580,4.8356385797562265,383.0,352.0,622.0,438.0,,
581,4.843975887652358,385.0,362.0,623.0,448.0,,
582,4.85231319554849,390.0,374.0,628.0,456.0,,
583,4.860650503444621,395.0,385.0,634.0,466.0,,
584,4.8689878113407525,401.0,399.0,,,,
585,4.877325119236884,406.0,413.0,,,,
586,4.885662427133015,413.0,432.0,655.0,504.0,,
587,4.893999735029147,421.0,453.0,661.0,519.0,,
588,4.902337042925279,429.0,471.0,671.0,531.0,,
589,4.9106743508214095,439.0,494.0,686.0,541.0,,
590,4.919011658717541,448.0,519.0,,,,
591,4.927348966613672,459.0,545.0,,,,
592,4.935686274509804,475.0,576.0,722.0,574.0,,
593,4.9440235824059355,490.0,606.0,736.0,589.0,,
594,4.952360890302066,507.0,637.0,752.0,603.0,,
595,4.960698198198198,526.0,666.0,770.0,610.0,,
596,4.96903550609433,551.0,700.0,,,,
597,4.977372813990461,580.0,735.0,,,,
598,4.9857101218865925,614.0,770.0,,,,
599,4.994047429782724,653.0,805.0,833.0,642.0,,
600,5.002384737678855,690.0,833.0,850.0,648.0,,
601,5.010722045574987,734.0,856.0,,,,
602,5.0190593534711185,783.0,877.0,,,,
603,5.027396661367249,836.0,891.0,,,,
604,5.035733969263381,891.0,900.0,,,,
605,5.044071277159513,945.0,901.0,923.0,660.0,,
606,5.052408585055644,997.0,897.0,939.0,662.0,,
607,5.0607458929517755,1052.0,888.0,,,,
608,5.069083200847906,1097.0,871.0,,,,
609,5.077420508744038,1142.0,850.0,,,,
610,5.08575781664017,1184.0,827.0,,,,
611,5.094095124536301,1223.0,801.0,1029.0,656.0,,
612,5.102432432432432,1259.0,773.0,1050.0,653.0,,
613,5.110769740328564,1287.0,753.0,,,,
614,5.119107048224695,1313.0,726.0,,,,
615,5.127444356120827,1337.0,701.0,,,,
616,5.1357816640169585,1362.0,675.0,,,,
617,5.144118971913089,1383.0,652.0,1141.0,612.0,,
618,5.152456279809221,1400.0,629.0,1159.0,599.0,,
619,5.160793587705353,1417.0,609.0,1171.0,587.0,,
620,5.169130895601484,1430.0,591.0,,,,
621,5.177468203497615,1444.0,573.0,,,,
622,5.185805511393747,1454.0,558.0,1213.0,549.0,,
623,5.194142819289878,1468.0,541.0,1223.0,538.0,,
624,5.20248012718601,1478.0,528.0,1235.0,526.0,,
625,5.210817435082141,1487.0,517.0,1242.0,513.0,,
626,5.219154742978272,1495.0,507.0,,,,
627,5.227492050874404,1501.0,497.0,,,,
628,5.235829358770535,1507.0,490.0,1263.0,481.0,,
