timestamp,video,width,height,resolution,total_frames,elapsed_seconds,fps_processed
2026-10-05T20:23:17,Test_1.MOV,1920,1080,1920x1080,638,7.74,82.47
2026-10-05T20:24:08,Test_1.MOV,1920,1080,1920x1080,638,8.54,74.70
2026-10-05T20:29:04,Test_1.MOV,1920,1080,1920x1080,638,7.78,81.97
2026-10-05T20:31:36,Test_1.MOV,1920,1080,1920x1080,638,8.32,76.64
2026-10-05T20:33:44,Test_1.MOV,1920,1080,1920x1080,638,8.36,76.36
2026-10-05T20:39:11,Test_1.MOV,1920,1080,1920x1080,638,8.41,75.86
2026-10-05T20:40:25,Test_1.MOV,1920,1080,1920x1080,638,8.33,76.57
2026-10-05T20:41:05,Test_1.MOV,1920,1080,1920x1080,638,8.29,76.93
2026-10-05T20:41:29,Test_1.MOV,1920,1080,1920x1080,638,8.61,74.11
2026-10-05T20:41:54,Test_1.MOV,1920,1080,1920x1080,638,8.30,76.83
